{"nm":"Live chatbot","ddd":0,"h":784,"w":952,"meta":{"g":"@lottiefiles/toolkit-js 0.26.1"},"layers":[{"ty":4,"nm":"Shape Layer 1","sr":1,"st":5,"op":185,"ip":5,"hd":false,"ddd":0,"bm":0,"hasMask":false,"ao":0,"ks":{"a":{"a":0,"k":[209,-129.688,0],"ix":1},"s":{"a":0,"k":[142.857,142.857,100],"ix":6},"sk":{"a":0,"k":0},"p":{"a":0,"k":[-169.089,-176.172,0],"ix":2},"r":{"a":1,"k":[{"o":{"x":0.333,"y":0},"i":{"x":0.667,"y":1},"s":[-77],"t":22},{"o":{"x":0.333,"y":0},"i":{"x":0.667,"y":0.754},"s":[-62],"t":26},{"o":{"x":0.333,"y":-0.339},"i":{"x":0.667,"y":1},"s":[-94.788],"t":30},{"o":{"x":0.333,"y":0},"i":{"x":0.667,"y":1},"s":[-59],"t":36},{"o":{"x":0.333,"y":0},"i":{"x":0.667,"y":1},"s":[-96],"t":42},{"o":{"x":0.333,"y":0},"i":{"x":0.667,"y":1},"s":[-63],"t":48},{"o":{"x":0.158,"y":0},"i":{"x":0.667,"y":1},"s":[-91],"t":54},{"o":{"x":0.333,"y":0},"i":{"x":0.667,"y":1},"s":[-59],"t":59},{"s":[-77],"t":64}],"ix":10},"sa":{"a":0,"k":0},"o":{"a":0,"k":100,"ix":11}},"ef":[],"shapes":[{"ty":"gr","bm":0,"hd":false,"mn":"ADBE Vector Group","nm":"Shape 2","ix":1,"cix":2,"np":3,"it":[{"ty":"sh","bm":0,"hd":false,"mn":"ADBE Vector Shape - Group","nm":"Path 1","ix":1,"d":1,"ks":{"a":0,"k":{"c":true,"i":[[0,0],[0,0],[0,0],[0,0]],"o":[[0,0],[0,0],[0,0],[0,0]],"v":[[214,-136],[203.25,-136],[203.375,-126],[214,-125.875]]},"ix":2}},{"ty":"fl","bm":0,"hd":false,"mn":"ADBE Vector Graphic - Fill","nm":"Fill 1","c":{"a":0,"k":[1,1,1],"ix":4},"r":1,"o":{"a":0,"k":100,"ix":5}},{"ty":"tr","a":{"a":0,"k":[0,0],"ix":1},"s":{"a":0,"k":[100,100],"ix":3},"sk":{"a":0,"k":0,"ix":4},"p":{"a":0,"k":[0,0],"ix":2},"r":{"a":0,"k":0,"ix":6},"sa":{"a":0,"k":0,"ix":5},"o":{"a":0,"k":100,"ix":7}}]},{"ty":"gr","bm":0,"hd":false,"mn":"ADBE Vector Group","nm":"Shape 1","ix":2,"cix":2,"np":3,"it":[{"ty":"sh","bm":0,"hd":false,"mn":"ADBE Vector Shape - Group","nm":"Path 1","ix":1,"d":1,"ks":{"a":0,"k":{"c":true,"i":[[0,0],[0,0],[0,0],[0,0]],"o":[[0,0],[0,0],[0,0],[0,0]],"v":[[215.75,-192.5],[201.25,-192.5],[203.5,-145.75],[214,-146]]},"ix":2}},{"ty":"fl","bm":0,"hd":false,"mn":"ADBE Vector Graphic - Fill","nm":"Fill 1","c":{"a":0,"k":[1,1,1],"ix":4},"r":1,"o":{"a":0,"k":100,"ix":5}},{"ty":"tr","a":{"a":0,"k":[0,0],"ix":1},"s":{"a":0,"k":[100,100],"ix":3},"sk":{"a":0,"k":0,"ix":4},"p":{"a":0,"k":[0,0],"ix":2},"r":{"a":0,"k":0,"ix":6},"sa":{"a":0,"k":0,"ix":5},"o":{"a":0,"k":100,"ix":7}}]}],"ind":1,"parent":2},{"ty":4,"nm":"chat 4","sr":1,"st":7,"op":187,"ip":7,"hd":false,"ddd":0,"bm":0,"hasMask":false,"ao":0,"ks":{"a":{"a":0,"k":[-142.909,-103.418,0],"ix":1},"s":{"a":1,"k":[{"o":{"x":0.275,"y":0},"i":{"x":0.191,"y":0.641},"s":[0,0,100],"t":7},{"o":{"x":0.329,"y":0.95},"i":{"x":0.685,"y":1},"s":[-94,-94,100],"t":14},{"o":{"x":0.462,"y":0},"i":{"x":0.685,"y":1},"s":[-70,-70,100],"t":27},{"o":{"x":0.315,"y":0},"i":{"x":0.671,"y":2.059},"s":[-70,-70,100],"t":57},{"o":{"x":0.809,"y":0.359},"i":{"x":0.725,"y":1},"s":[-94,-94,100],"t":70},{"s":[0,0,100],"t":77}],"ix":6},"sk":{"a":0,"k":0},"p":{"a":1,"k":[{"o":{"x":0.275,"y":0},"i":{"x":0.191,"y":0.488},"s":[620.5,323.625,0],"t":7,"ti":[0,0,0],"to":[0,0,0]},{"o":{"x":0.329,"y":0.731},"i":{"x":0.685,"y":1},"s":[683.5,277.625,0],"t":14,"ti":[0,0,0],"to":[0,0,0]},{"o":{"x":0.407,"y":0.407},"i":{"x":0.685,"y":0.685},"s":[651.5,303.625,0],"t":27,"ti":[0,0,0],"to":[0,0,0]},{"o":{"x":0.315,"y":0},"i":{"x":0.671,"y":0.269},"s":[651.5,303.625,0],"t":57,"ti":[0,0,0],"to":[0,0,0]},{"o":{"x":0.809,"y":0.512},"i":{"x":0.725,"y":1},"s":[683.5,277.625,0],"t":70,"ti":[0,0,0],"to":[0,0,0]},{"s":[620.5,323.625,0],"t":77}],"ix":2},"r":{"a":0,"k":-103,"ix":10},"sa":{"a":0,"k":0},"o":{"a":0,"k":100,"ix":11}},"ef":[],"shapes":[{"ty":"gr","bm":0,"hd":false,"mn":"ADBE Vector Group","nm":"Ellipse 1","ix":1,"cix":2,"np":3,"it":[{"ty":"el","bm":0,"hd":false,"mn":"ADBE Vector Shape - Ellipse","nm":"Ellipse Path 1","d":1,"p":{"a":0,"k":[0,0],"ix":3},"s":{"a":0,"k":[156,156],"ix":2}},{"ty":"gf","bm":0,"hd":false,"mn":"ADBE Vector Graphic - G-Fill","nm":"Gradient Fill 1","e":{"a":0,"k":[77.236,20.693],"ix":6},"g":{"p":3,"k":{"a":0,"k":[0,1,1,1,0.5,0,0,0,1,0.0784313725490196,0.3607843137254902,0.6196078431372549],"ix":9}},"t":1,"a":{"a":0,"k":0},"h":{"a":0,"k":0},"s":{"a":0,"k":[-79.376,-17.338],"ix":5},"r":1,"o":{"a":0,"k":100,"ix":10}},{"ty":"tr","a":{"a":0,"k":[0,0],"ix":1},"s":{"a":0,"k":[100,100],"ix":3},"sk":{"a":0,"k":0,"ix":4},"p":{"a":0,"k":[-214,-187],"ix":2},"r":{"a":0,"k":0,"ix":6},"sa":{"a":0,"k":0,"ix":5},"o":{"a":0,"k":100,"ix":7}}]},{"ty":"gr","bm":0,"hd":false,"mn":"ADBE Vector Group","nm":"Shape 1","ix":2,"cix":2,"np":3,"it":[{"ty":"sh","bm":0,"hd":false,"mn":"ADBE Vector Shape - Group","nm":"Path 1","ix":1,"d":1,"ks":{"a":0,"k":{"c":true,"i":[[0,0],[0,0],[0,0]],"o":[[0,0],[0,0],[0,0]],"v":[[-153.75,-148.75],[-180,-125.5],[-138.75,-100.75]]},"ix":2}},{"ty":"gf","bm":0,"hd":false,"mn":"ADBE Vector Graphic - G-Fill","nm":"Gradient Fill 1","e":{"a":0,"k":[-167.75,-135.5],"ix":6},"g":{"p":3,"k":{"a":0,"k":[0,1,1,1,0.5,0,0,0,1,0.0784313725490196,0.3607843137254902,0.6196078431372549],"ix":9}},"t":1,"a":{"a":0,"k":0},"h":{"a":0,"k":0},"s":{"a":0,"k":[-144,-109],"ix":5},"r":1,"o":{"a":0,"k":100,"ix":10}},{"ty":"tr","a":{"a":0,"k":[0,0],"ix":1},"s":{"a":0,"k":[100,100],"ix":3},"sk":{"a":0,"k":0,"ix":4},"p":{"a":0,"k":[0,0],"ix":2},"r":{"a":0,"k":0,"ix":6},"sa":{"a":0,"k":0,"ix":5},"o":{"a":0,"k":100,"ix":7}}]}],"ind":2},{"ty":4,"nm":"Layer 2","sr":1,"st":5,"op":185,"ip":5,"hd":false,"ddd":0,"bm":0,"hasMask":false,"ao":0,"ks":{"a":{"a":0,"k":[22.006,-26.641,0],"ix":1},"s":{"a":0,"k":[-133,133,100],"ix":6},"sk":{"a":0,"k":0},"p":{"a":0,"k":[-193.727,-156.256,0],"ix":2},"r":{"a":1,"k":[{"o":{"x":0.228,"y":0},"i":{"x":0.414,"y":1},"s":[-172],"t":25},{"o":{"x":0.506,"y":0},"i":{"x":0.667,"y":1},"s":[-198],"t":39},{"o":{"x":0.228,"y":0},"i":{"x":0.52,"y":1},"s":[-172],"t":51},{"o":{"x":0.333,"y":0},"i":{"x":0.667,"y":1},"s":[-145],"t":62},{"s":[-172],"t":70}],"ix":10},"sa":{"a":0,"k":0},"o":{"a":0,"k":100,"ix":11}},"ef":[],"shapes":[{"ty":"gr","bm":0,"hd":false,"mn":"ADBE Vector Group","nm":"Group 1","ix":1,"cix":2,"np":2,"it":[{"ty":"sh","bm":0,"hd":false,"mn":"ADBE Vector Shape - Group","nm":"Path 1","ix":1,"d":1,"ks":{"a":0,"k":{"c":true,"i":[[0.316,1.502],[1.814,0],[2.642,-3.062],[1.444,0],[0,2.743],[-1.096,0.943],[0,1.361],[0,0],[1.466,0],[0,-12.116],[-0.37,-1.597],[0,0],[-4.546,-4.605],[-3.15,0],[-2.173,2.199],[0,0],[-1.499,0],[0,12.094]],"o":[[0,0],[-1.361,0],[-0.943,1.096],[-2.743,0],[0,-1.444],[3.062,-2.642],[0,-1.814],[-1.422,-0.294],[-12.007,0],[0,1.524],[0,0],[-4.543,4.605],[2.213,2.232],[3.146,0],[0,0],[1.557,0.239],[12.206,0],[0,-1.531]],"v":[[33.995,-21.248],[30.842,-27.762],[21.411,-18.589],[17.663,-16.876],[12.699,-21.84],[14.412,-25.588],[23.585,-35.019],[17.057,-38.204],[12.699,-38.647],[-9.071,-16.673],[-8.516,-12.01],[-31.064,10.134],[-31.06,26.829],[-22.747,30.294],[-14.474,26.862],[8.128,4.655],[12.699,4.895],[34.47,-16.673]]},"ix":2}},{"ty":"fl","bm":0,"hd":false,"mn":"ADBE Vector Graphic - Fill","nm":"Fill 1","c":{"a":0,"k":[1,1,1],"ix":4},"r":1,"o":{"a":0,"k":100,"ix":5}},{"ty":"tr","a":{"a":0,"k":[0,0],"ix":1},"s":{"a":0,"k":[100,100],"ix":3},"sk":{"a":0,"k":0,"ix":4},"p":{"a":0,"k":[0,0],"ix":2},"r":{"a":0,"k":0,"ix":6},"sa":{"a":0,"k":0,"ix":5},"o":{"a":0,"k":100,"ix":7}}]}],"ind":3,"parent":4},{"ty":4,"nm":"chat 3","sr":1,"st":2,"op":182,"ip":2,"hd":false,"ddd":0,"bm":0,"hasMask":false,"ao":0,"ks":{"a":{"a":0,"k":[-135.856,-99.234,0],"ix":1},"s":{"a":1,"k":[{"o":{"x":0.275,"y":0},"i":{"x":0.191,"y":0.488},"s":[0,0,100],"t":2},{"o":{"x":0.329,"y":0.731},"i":{"x":0.685,"y":1},"s":[-97,-97,100],"t":9},{"o":{"x":0.462,"y":0},"i":{"x":0.685,"y":1},"s":[-82,-82,100],"t":22},{"o":{"x":0.315,"y":0},"i":{"x":0.671,"y":3.498},"s":[-82,-82,100],"t":52},{"o":{"x":0.809,"y":0.512},"i":{"x":0.725,"y":1},"s":[-97,-97,100],"t":65},{"s":[0,0,100],"t":72}],"ix":6},"sk":{"a":0,"k":0},"p":{"a":1,"k":[{"o":{"x":0.275,"y":0},"i":{"x":0.191,"y":0.488},"s":[607.5,434.125,0],"t":2,"ti":[-6,-4.833,0],"to":[12.917,6.583,0]},{"o":{"x":0.329,"y":0.698},"i":{"x":0.685,"y":1},"s":[685,473.625,0],"t":9,"ti":[6.917,1.75,0],"to":[6,4.833,0]},{"o":{"x":0.407,"y":0},"i":{"x":0.685,"y":1},"s":[643.5,463.125,0],"t":22,"ti":[-6.917,-1.75,0],"to":[0,0,0]},{"o":{"x":0.315,"y":0},"i":{"x":0.671,"y":0.25},"s":[643.5,463.125,0],"t":52,"ti":[6,4.833,0],"to":[6.917,1.75,0]},{"o":{"x":0.809,"y":0.512},"i":{"x":0.725,"y":1},"s":[685,473.625,0],"t":65,"ti":[12.917,6.583,0],"to":[-6,-4.833,0]},{"s":[607.5,434.125,0],"t":72}],"ix":2},"r":{"a":0,"k":-8,"ix":10},"sa":{"a":0,"k":0},"o":{"a":0,"k":100,"ix":11}},"ef":[],"shapes":[{"ty":"gr","bm":0,"hd":false,"mn":"ADBE Vector Group","nm":"Ellipse 1","ix":1,"cix":2,"np":3,"it":[{"ty":"el","bm":0,"hd":false,"mn":"ADBE Vector Shape - Ellipse","nm":"Ellipse Path 1","d":1,"p":{"a":0,"k":[0,0],"ix":3},"s":{"a":0,"k":[156,156],"ix":2}},{"ty":"gf","bm":0,"hd":false,"mn":"ADBE Vector Graphic - G-Fill","nm":"Gradient Fill 1","e":{"a":0,"k":[6.629,-79.912],"ix":6},"g":{"p":3,"k":{"a":0,"k":[0,1,1,1,0.5,0,0,0,1,0.0784313725490196,0.3607843137254902,0.6196078431372549],"ix":9}},"t":1,"a":{"a":0,"k":0},"h":{"a":0,"k":0},"s":{"a":0,"k":[-14.336,72.452],"ix":5},"r":1,"o":{"a":0,"k":100,"ix":10}},{"ty":"tr","a":{"a":0,"k":[0,0],"ix":1},"s":{"a":0,"k":[100,100],"ix":3},"sk":{"a":0,"k":0,"ix":4},"p":{"a":0,"k":[-214,-187],"ix":2},"r":{"a":0,"k":0,"ix":6},"sa":{"a":0,"k":0,"ix":5},"o":{"a":0,"k":100,"ix":7}}]},{"ty":"gr","bm":0,"hd":false,"mn":"ADBE Vector Group","nm":"Shape 1","ix":2,"cix":2,"np":3,"it":[{"ty":"sh","bm":0,"hd":false,"mn":"ADBE Vector Shape - Group","nm":"Path 1","ix":1,"d":1,"ks":{"a":0,"k":{"c":true,"i":[[0,0],[0,0],[0,0]],"o":[[0,0],[0,0],[0,0]],"v":[[-153.75,-148.75],[-180,-125.5],[-138.75,-100.75]]},"ix":2}},{"ty":"gf","bm":0,"hd":false,"mn":"ADBE Vector Graphic - G-Fill","nm":"Gradient Fill 1","e":{"a":0,"k":[-167.75,-135.5],"ix":6},"g":{"p":3,"k":{"a":0,"k":[0,1,1,1,0.5,0,0,0,1,0.0784313725490196,0.3607843137254902,0.6196078431372549],"ix":9}},"t":1,"a":{"a":0,"k":0},"h":{"a":0,"k":0},"s":{"a":0,"k":[-144,-109],"ix":5},"r":1,"o":{"a":0,"k":100,"ix":10}},{"ty":"tr","a":{"a":0,"k":[0,0],"ix":1},"s":{"a":0,"k":[100,100],"ix":3},"sk":{"a":0,"k":0,"ix":4},"p":{"a":0,"k":[0,0],"ix":2},"r":{"a":0,"k":0,"ix":6},"sa":{"a":0,"k":0,"ix":5},"o":{"a":0,"k":100,"ix":7}}]}],"ind":4},{"ty":4,"nm":"Layer 1","sr":1,"st":5,"op":185,"ip":5,"hd":false,"ddd":0,"bm":0,"hasMask":false,"ao":0,"ks":{"a":{"a":0,"k":[2.26,-6.556,0],"ix":1},"s":{"a":0,"k":[113,113,100],"ix":6},"sk":{"a":0,"k":0},"p":{"a":0,"k":[-215.794,-186.855,0],"ix":2},"r":{"a":1,"k":[{"o":{"x":0.333,"y":0},"i":{"x":0.667,"y":1},"s":[75],"t":25},{"o":{"x":0.333,"y":0},"i":{"x":0.667,"y":1},"s":[356],"t":47},{"s":[75],"t":70}],"ix":10},"sa":{"a":0,"k":0},"o":{"a":0,"k":100,"ix":11}},"ef":[],"shapes":[{"ty":"gr","bm":0,"hd":false,"mn":"ADBE Vector Group","nm":"Group 1","ix":1,"cix":2,"np":3,"it":[{"ty":"sh","bm":0,"hd":false,"mn":"ADBE Vector Shape - Group","nm":"Path 1","ix":1,"d":1,"ks":{"a":0,"k":{"c":true,"i":[[-10.351,0],[0,-10.351],[10.351,0],[0,10.351]],"o":[[10.351,0],[0,10.351],[-10.351,0],[0,-10.351]],"v":[[2.26,-25.299],[21.003,-6.556],[2.26,12.187],[-16.484,-6.556]]},"ix":2}},{"ty":"sh","bm":0,"hd":false,"mn":"ADBE Vector Shape - Group","nm":"Path 2","ix":2,"d":1,"ks":{"a":0,"k":{"c":true,"i":[[0,0],[0.431,-2.202],[0,0],[3.123,-2.563],[0,0],[1.125,-1.94],[0,0],[-1.692,-1.471],[0,0],[0,-2.065],[-0.321,-1.974],[0,0],[-1.12,-1.945],[0,0],[-2.123,0.726],[0,0],[-3.844,-1.454],[0,0],[-2.244,0],[0,0],[-0.431,2.202],[0,0],[-3.123,2.563],[0,0],[-1.125,1.945],[0,0],[1.692,1.471],[0,0],[0,2.065],[0.321,1.974],[0,0],[1.12,1.945],[0,0],[2.123,-0.726],[0,0],[3.844,1.454],[0,0],[2.244,0]],"o":[[-2.244,0],[0,0],[-3.846,1.454],[0,0],[-2.123,-0.731],[0,0],[-1.12,1.945],[0,0],[-0.321,1.974],[0,2.065],[0,0],[-1.692,1.471],[0,0],[1.12,1.945],[0,0],[3.122,2.562],[0,0],[0.431,2.202],[0,0],[2.244,0],[0,0],[3.846,-1.454],[0,0],[2.123,0.731],[0,0],[1.12,-1.945],[0,0],[0.321,-1.974],[0,-2.065],[0,0],[1.692,-1.471],[0,0],[-1.12,-1.945],[0,0],[-3.122,-2.562],[0,0],[-0.431,-2.202],[0,0]],"v":[[-4.815,-53.413],[-9.409,-49.625],[-10.974,-41.589],[-21.499,-35.54],[-29.205,-38.194],[-34.787,-36.107],[-41.853,-23.862],[-40.873,-17.977],[-34.696,-12.605],[-35.227,-6.556],[-34.696,-0.506],[-40.873,4.866],[-41.853,10.75],[-34.787,22.996],[-29.205,25.091],[-21.499,22.437],[-10.974,28.478],[-9.409,36.513],[-4.815,40.302],[9.334,40.302],[13.928,36.513],[15.493,28.478],[26.018,22.428],[33.724,25.082],[39.306,22.996],[46.372,10.741],[45.392,4.866],[39.215,-0.506],[39.746,-6.556],[39.215,-12.605],[45.392,-17.977],[46.372,-23.862],[39.306,-36.107],[33.724,-38.203],[26.018,-35.549],[15.493,-41.589],[13.928,-49.625],[9.334,-53.413]]},"ix":2}},{"ty":"fl","bm":0,"hd":false,"mn":"ADBE Vector Graphic - Fill","nm":"Fill 1","c":{"a":0,"k":[1,1,1],"ix":4},"r":1,"o":{"a":0,"k":100,"ix":5}},{"ty":"tr","a":{"a":0,"k":[0,0],"ix":1},"s":{"a":0,"k":[100,100],"ix":3},"sk":{"a":0,"k":0,"ix":4},"p":{"a":0,"k":[0,0],"ix":2},"r":{"a":0,"k":0,"ix":6},"sa":{"a":0,"k":0,"ix":5},"o":{"a":0,"k":100,"ix":7}}]}],"ind":5,"parent":6},{"ty":4,"nm":"chat 2","sr":1,"st":3,"op":183,"ip":3,"hd":false,"ddd":0,"bm":0,"hasMask":false,"ao":0,"ks":{"a":{"a":0,"k":[-138.949,-100.735,0],"ix":1},"s":{"a":1,"k":[{"o":{"x":0.275,"y":0},"i":{"x":0.191,"y":0.488},"s":[0,0,100],"t":3},{"o":{"x":0.329,"y":0.731},"i":{"x":0.685,"y":1},"s":[-99,-99,100],"t":10},{"o":{"x":0.462,"y":0},"i":{"x":0.685,"y":1},"s":[-81,-81,100],"t":23},{"o":{"x":0.315,"y":0},"i":{"x":0.671,"y":3.124},"s":[-81,-81,100],"t":53},{"o":{"x":0.809,"y":0.512},"i":{"x":0.725,"y":1},"s":[-99,-99,100],"t":66},{"s":[0,0,100],"t":73}],"ix":6},"sk":{"a":0,"k":0},"p":{"a":1,"k":[{"o":{"x":0.275,"y":0},"i":{"x":0.191,"y":0.488},"s":[381,437.625,0],"t":3,"ti":[6.333,-7.333,0],"to":[-13.583,10.333,0]},{"o":{"x":0.329,"y":0.69},"i":{"x":0.685,"y":1},"s":[299.5,499.625,0],"t":10,"ti":[-7.25,3,0],"to":[-6.333,7.333,0]},{"o":{"x":0.407,"y":0},"i":{"x":0.685,"y":1},"s":[343,481.625,0],"t":23,"ti":[7.25,-3,0],"to":[0,0,0]},{"o":{"x":0.315,"y":0},"i":{"x":0.671,"y":0.207},"s":[343,481.625,0],"t":53,"ti":[-6.333,7.333,0],"to":[-7.25,3,0]},{"o":{"x":0.809,"y":0.512},"i":{"x":0.725,"y":1},"s":[299.5,499.625,0],"t":66,"ti":[-13.583,10.333,0],"to":[6.333,-7.333,0]},{"s":[381,437.625,0],"t":73}],"ix":2},"r":{"a":0,"k":105,"ix":10},"sa":{"a":0,"k":0},"o":{"a":0,"k":100,"ix":11}},"ef":[],"shapes":[{"ty":"gr","bm":0,"hd":false,"mn":"ADBE Vector Group","nm":"Ellipse 1","ix":1,"cix":2,"np":3,"it":[{"ty":"el","bm":0,"hd":false,"mn":"ADBE Vector Shape - Ellipse","nm":"Ellipse Path 1","d":1,"p":{"a":0,"k":[0,0],"ix":3},"s":{"a":0,"k":[156,156],"ix":2}},{"ty":"gf","bm":0,"hd":false,"mn":"ADBE Vector Graphic - G-Fill","nm":"Gradient Fill 1","e":{"a":0,"k":[-66.084,25.63],"ix":6},"g":{"p":3,"k":{"a":0,"k":[0,1,1,1,0.5,0,0,0,1,0.0784313725490196,0.3607843137254902,0.6196078431372549],"ix":9}},"t":1,"a":{"a":0,"k":0},"h":{"a":0,"k":0},"s":{"a":0,"k":[88.398,-27.639],"ix":5},"r":1,"o":{"a":0,"k":100,"ix":10}},{"ty":"tr","a":{"a":0,"k":[0,0],"ix":1},"s":{"a":0,"k":[100,100],"ix":3},"sk":{"a":0,"k":0,"ix":4},"p":{"a":0,"k":[-214,-187],"ix":2},"r":{"a":0,"k":0,"ix":6},"sa":{"a":0,"k":0,"ix":5},"o":{"a":0,"k":100,"ix":7}}]},{"ty":"gr","bm":0,"hd":false,"mn":"ADBE Vector Group","nm":"Shape 1","ix":2,"cix":2,"np":3,"it":[{"ty":"sh","bm":0,"hd":false,"mn":"ADBE Vector Shape - Group","nm":"Path 1","ix":1,"d":1,"ks":{"a":0,"k":{"c":true,"i":[[0,0],[0,0],[0,0]],"o":[[0,0],[0,0],[0,0]],"v":[[-153.75,-148.75],[-180,-125.5],[-138.75,-100.75]]},"ix":2}},{"ty":"gf","bm":0,"hd":false,"mn":"ADBE Vector Graphic - G-Fill","nm":"Gradient Fill 1","e":{"a":0,"k":[-167.75,-135.5],"ix":6},"g":{"p":3,"k":{"a":0,"k":[0,1,1,1,0.5,0,0,0,1,0.0784313725490196,0.3607843137254902,0.6196078431372549],"ix":9}},"t":1,"a":{"a":0,"k":0},"h":{"a":0,"k":0},"s":{"a":0,"k":[-144,-109],"ix":5},"r":1,"o":{"a":0,"k":100,"ix":10}},{"ty":"tr","a":{"a":0,"k":[0,0],"ix":1},"s":{"a":0,"k":[100,100],"ix":3},"sk":{"a":0,"k":0,"ix":4},"p":{"a":0,"k":[0,0],"ix":2},"r":{"a":0,"k":0,"ix":6},"sa":{"a":0,"k":0,"ix":5},"o":{"a":0,"k":100,"ix":7}}]}],"ind":6},{"ty":4,"nm":"Rectangle 3","sr":1,"st":5,"op":185,"ip":5,"hd":false,"ddd":0,"bm":0,"hasMask":false,"ao":0,"ks":{"a":{"a":0,"k":[-169.25,-184.375,0],"ix":1},"s":{"a":0,"k":[100,100,100],"ix":6},"sk":{"a":0,"k":0},"p":{"a":1,"k":[{"o":{"x":0.333,"y":0},"i":{"x":0.667,"y":0.989},"s":[-169.25,-184.375,0],"t":31,"ti":[0,0,0],"to":[0,-5,0]},{"o":{"x":0.333,"y":0.011},"i":{"x":0.667,"y":1},"s":[-169.25,-214.375,0],"t":41,"ti":[0,-5,0],"to":[0,0,0]},{"o":{"x":0.185,"y":0},"i":{"x":0.667,"y":0.989},"s":[-169.25,-184.375,0],"t":51,"ti":[0,0,0],"to":[0,0,0]},{"o":{"x":0.333,"y":0.011},"i":{"x":0.667,"y":1},"s":[-169.25,-214.375,0],"t":61,"ti":[0,-5,0],"to":[0,0,0]},{"s":[-169.25,-184.375,0],"t":71}],"ix":2},"r":{"a":0,"k":0,"ix":10},"sa":{"a":0,"k":0},"o":{"a":0,"k":100,"ix":11}},"ef":[],"shapes":[{"ty":"gr","bm":0,"hd":false,"mn":"ADBE Vector Group","nm":"Rectangle 3","ix":1,"cix":2,"np":3,"it":[{"ty":"rc","bm":0,"hd":false,"mn":"ADBE Vector Shape - Rect","nm":"Rectangle Path 1","d":1,"p":{"a":0,"k":[0,0],"ix":3},"r":{"a":0,"k":0,"ix":4},"s":{"a":0,"k":[22.5,23.25],"ix":2}},{"ty":"gf","bm":0,"hd":false,"mn":"ADBE Vector Graphic - G-Fill","nm":"Gradient Fill 1","e":{"a":0,"k":[100,0],"ix":6},"g":{"p":3,"k":{"a":0,"k":[0,1,1,1,0.5,0,0,0,1,0.0784313725490196,0.3607843137254902,0.6196078431372549],"ix":9}},"t":1,"a":{"a":0,"k":0},"h":{"a":0,"k":0},"s":{"a":0,"k":[0,0],"ix":5},"r":1,"o":{"a":0,"k":100,"ix":10}},{"ty":"tr","a":{"a":0,"k":[0,0],"ix":1},"s":{"a":0,"k":[100,100],"ix":3},"sk":{"a":0,"k":0,"ix":4},"p":{"a":0,"k":[-169.25,-184.375],"ix":2},"r":{"a":0,"k":0,"ix":6},"sa":{"a":0,"k":0,"ix":5},"o":{"a":0,"k":100,"ix":7}}]}],"ind":7,"parent":10},{"ty":4,"nm":"Rectangle 2","sr":1,"st":5,"op":185,"ip":5,"hd":false,"ddd":0,"bm":0,"hasMask":false,"ao":0,"ks":{"a":{"a":0,"k":[-211.5,-184.375,0],"ix":1},"s":{"a":0,"k":[100,100,100],"ix":6},"sk":{"a":0,"k":0},"p":{"a":1,"k":[{"o":{"x":0.333,"y":0},"i":{"x":0.667,"y":1},"s":[-211.5,-184.375,0],"t":28,"ti":[0,0,0],"to":[0,-5,0]},{"o":{"x":0.333,"y":0},"i":{"x":0.667,"y":1},"s":[-211.5,-214.375,0],"t":38,"ti":[0,-5,0],"to":[0,0,0]},{"o":{"x":0.185,"y":0},"i":{"x":0.667,"y":1},"s":[-211.5,-184.375,0],"t":48,"ti":[0,0,0],"to":[0,0,0]},{"o":{"x":0.333,"y":0},"i":{"x":0.667,"y":1},"s":[-211.5,-214.375,0],"t":58,"ti":[0,-5,0],"to":[0,0,0]},{"s":[-211.5,-184.375,0],"t":68}],"ix":2},"r":{"a":0,"k":0,"ix":10},"sa":{"a":0,"k":0},"o":{"a":0,"k":100,"ix":11}},"ef":[],"shapes":[{"ty":"gr","bm":0,"hd":false,"mn":"ADBE Vector Group","nm":"Rectangle 2","ix":1,"cix":2,"np":3,"it":[{"ty":"rc","bm":0,"hd":false,"mn":"ADBE Vector Shape - Rect","nm":"Rectangle Path 1","d":1,"p":{"a":0,"k":[0,0],"ix":3},"r":{"a":0,"k":0,"ix":4},"s":{"a":0,"k":[22.5,23.25],"ix":2}},{"ty":"gf","bm":0,"hd":false,"mn":"ADBE Vector Graphic - G-Fill","nm":"Gradient Fill 1","e":{"a":0,"k":[100,0],"ix":6},"g":{"p":3,"k":{"a":0,"k":[0,1,1,1,0.5,0,0,0,1,0.0784313725490196,0.3607843137254902,0.6196078431372549],"ix":9}},"t":1,"a":{"a":0,"k":0},"h":{"a":0,"k":0},"s":{"a":0,"k":[0,0],"ix":5},"r":1,"o":{"a":0,"k":100,"ix":10}},{"ty":"tr","a":{"a":0,"k":[0,0],"ix":1},"s":{"a":0,"k":[100,100],"ix":3},"sk":{"a":0,"k":0,"ix":4},"p":{"a":0,"k":[-211.5,-184.375],"ix":2},"r":{"a":0,"k":0,"ix":6},"sa":{"a":0,"k":0,"ix":5},"o":{"a":0,"k":100,"ix":7}}]}],"ind":8,"parent":10},{"ty":4,"nm":"Rectangle 1","sr":1,"st":5,"op":185,"ip":5,"hd":false,"ddd":0,"bm":0,"hasMask":false,"ao":0,"ks":{"a":{"a":0,"k":[-253.5,-184.375,0],"ix":1},"s":{"a":0,"k":[100,100,100],"ix":6},"sk":{"a":0,"k":0},"p":{"a":1,"k":[{"o":{"x":0.333,"y":0},"i":{"x":0.667,"y":1},"s":[-253.5,-184.375,0],"t":25,"ti":[0,0,0],"to":[0,-5,0]},{"o":{"x":0.333,"y":0},"i":{"x":0.667,"y":1},"s":[-253.5,-214.375,0],"t":35,"ti":[0,-5,0],"to":[0,0,0]},{"o":{"x":0.185,"y":0},"i":{"x":0.667,"y":1},"s":[-253.5,-184.375,0],"t":45,"ti":[0,0,0],"to":[0,0,0]},{"o":{"x":0.333,"y":0},"i":{"x":0.667,"y":1},"s":[-253.5,-214.375,0],"t":55,"ti":[0,-5,0],"to":[0,0,0]},{"s":[-253.5,-184.375,0],"t":65}],"ix":2},"r":{"a":0,"k":0,"ix":10},"sa":{"a":0,"k":0},"o":{"a":0,"k":100,"ix":11}},"ef":[],"shapes":[{"ty":"gr","bm":0,"hd":false,"mn":"ADBE Vector Group","nm":"Rectangle 1","ix":1,"cix":2,"np":3,"it":[{"ty":"rc","bm":0,"hd":false,"mn":"ADBE Vector Shape - Rect","nm":"Rectangle Path 1","d":1,"p":{"a":0,"k":[0,0],"ix":3},"r":{"a":0,"k":0,"ix":4},"s":{"a":0,"k":[22.5,23.25],"ix":2}},{"ty":"gf","bm":0,"hd":false,"mn":"ADBE Vector Graphic - G-Fill","nm":"Gradient Fill 1","e":{"a":0,"k":[100,0],"ix":6},"g":{"p":3,"k":{"a":0,"k":[0,1,1,1,0.5,0,0,0,1,0.0784313725490196,0.3607843137254902,0.6196078431372549],"ix":9}},"t":1,"a":{"a":0,"k":0},"h":{"a":0,"k":0},"s":{"a":0,"k":[0,0],"ix":5},"r":1,"o":{"a":0,"k":100,"ix":10}},{"ty":"tr","a":{"a":0,"k":[0,0],"ix":1},"s":{"a":0,"k":[100,100],"ix":3},"sk":{"a":0,"k":0,"ix":4},"p":{"a":0,"k":[-253.5,-184.375],"ix":2},"r":{"a":0,"k":0,"ix":6},"sa":{"a":0,"k":0,"ix":5},"o":{"a":0,"k":100,"ix":7}}]}],"ind":9,"parent":10},{"ty":4,"nm":"chat 1","sr":1,"st":4,"op":184,"ip":4,"hd":false,"ddd":0,"bm":0,"hasMask":false,"ao":0,"ks":{"a":{"a":0,"k":[-138,-100.25,0],"ix":1},"s":{"a":1,"k":[{"o":{"x":0.275,"y":0},"i":{"x":0.191,"y":0.488},"s":[0,0,100],"t":4},{"o":{"x":0.329,"y":0.731},"i":{"x":0.685,"y":1},"s":[124,124,100],"t":11},{"o":{"x":0.462,"y":0},"i":{"x":0.685,"y":1},"s":[100,100,100],"t":24},{"o":{"x":0.315,"y":0},"i":{"x":0.671,"y":2.996},"s":[100,100,100],"t":54},{"o":{"x":0.809,"y":0.512},"i":{"x":0.725,"y":1},"s":[124,124,100],"t":67},{"s":[0,0,100],"t":74}],"ix":6},"sk":{"a":0,"k":0},"p":{"a":1,"k":[{"o":{"x":0.275,"y":0},"i":{"x":0.191,"y":0.488},"s":[378.5,317.25,0],"t":4,"ti":[4.5,2.5,0],"to":[-8.833,-5.417,0]},{"o":{"x":0.329,"y":0.705},"i":{"x":0.685,"y":1},"s":[325.5,284.75,0],"t":11,"ti":[-4.333,-2.917,0],"to":[-4.5,-2.5,0]},{"o":{"x":0.407,"y":0},"i":{"x":0.685,"y":1},"s":[351.5,302.25,0],"t":24,"ti":[4.333,2.917,0],"to":[0,0,0]},{"o":{"x":0.315,"y":0},"i":{"x":0.671,"y":0.261},"s":[351.5,302.25,0],"t":54,"ti":[-4.5,-2.5,0],"to":[-4.333,-2.917,0]},{"o":{"x":0.809,"y":0.512},"i":{"x":0.725,"y":1},"s":[325.5,284.75,0],"t":67,"ti":[-8.833,-5.417,0],"to":[4.5,2.5,0]},{"s":[378.5,317.25,0],"t":74}],"ix":2},"r":{"a":0,"k":0,"ix":10},"sa":{"a":0,"k":0},"o":{"a":0,"k":100,"ix":11}},"ef":[],"shapes":[{"ty":"gr","bm":0,"hd":false,"mn":"ADBE Vector Group","nm":"Ellipse 1","ix":1,"cix":2,"np":3,"it":[{"ty":"el","bm":0,"hd":false,"mn":"ADBE Vector Shape - Ellipse","nm":"Ellipse Path 1","d":1,"p":{"a":0,"k":[0,0],"ix":3},"s":{"a":0,"k":[156,156],"ix":2}},{"ty":"gf","bm":0,"hd":false,"mn":"ADBE Vector Graphic - G-Fill","nm":"Gradient Fill 1","e":{"a":0,"k":[0,91],"ix":6},"g":{"p":3,"k":{"a":0,"k":[0,1,1,1,0.5,0,0,0,1,0.0784313725490196,0.3607843137254902,0.6196078431372549],"ix":9}},"t":1,"a":{"a":0,"k":0},"h":{"a":0,"k":0},"s":{"a":0,"k":[3,-84],"ix":5},"r":1,"o":{"a":0,"k":100,"ix":10}},{"ty":"tr","a":{"a":0,"k":[0,0],"ix":1},"s":{"a":0,"k":[100,100],"ix":3},"sk":{"a":0,"k":0,"ix":4},"p":{"a":0,"k":[-214,-187],"ix":2},"r":{"a":0,"k":0,"ix":6},"sa":{"a":0,"k":0,"ix":5},"o":{"a":0,"k":100,"ix":7}}]},{"ty":"gr","bm":0,"hd":false,"mn":"ADBE Vector Group","nm":"Shape 1","ix":2,"cix":2,"np":3,"it":[{"ty":"sh","bm":0,"hd":false,"mn":"ADBE Vector Shape - Group","nm":"Path 1","ix":1,"d":1,"ks":{"a":0,"k":{"c":true,"i":[[0,0],[0,0],[0,0]],"o":[[0,0],[0,0],[0,0]],"v":[[-153.75,-148.75],[-180,-125.5],[-138.75,-100.75]]},"ix":2}},{"ty":"gf","bm":0,"hd":false,"mn":"ADBE Vector Graphic - G-Fill","nm":"Gradient Fill 1","e":{"a":0,"k":[-167.75,-135.5],"ix":6},"g":{"p":3,"k":{"a":0,"k":[0,1,1,1,0.5,0,0,0,1,0.0784313725490196,0.3607843137254902,0.6196078431372549],"ix":9}},"t":1,"a":{"a":0,"k":0},"h":{"a":0,"k":0},"s":{"a":0,"k":[-144,-109],"ix":5},"r":1,"o":{"a":0,"k":100,"ix":10}},{"ty":"tr","a":{"a":0,"k":[0,0],"ix":1},"s":{"a":0,"k":[100,100],"ix":3},"sk":{"a":0,"k":0,"ix":4},"p":{"a":0,"k":[0,0],"ix":2},"r":{"a":0,"k":0,"ix":6},"sa":{"a":0,"k":0,"ix":5},"o":{"a":0,"k":100,"ix":7}}]}],"ind":10},{"ty":4,"nm":"r hand","sr":1,"st":0,"op":180,"ip":0,"hd":false,"ddd":0,"bm":0,"hasMask":false,"ao":0,"ks":{"a":{"a":0,"k":[195.254,52.216,0],"ix":1},"s":{"a":0,"k":[-100,-100,100],"ix":6},"sk":{"a":0,"k":0},"p":{"a":0,"k":[-66.25,61.501,0],"ix":2},"r":{"a":1,"k":[{"o":{"x":0.333,"y":0},"i":{"x":0.667,"y":1},"s":[-133],"t":0},{"o":{"x":0.333,"y":0},"i":{"x":0.667,"y":1},"s":[-63],"t":15},{"o":{"x":0.65,"y":0},"i":{"x":0.812,"y":1},"s":[-63],"t":20},{"s":[-133],"t":28}],"ix":10},"sa":{"a":0,"k":0},"o":{"a":0,"k":100,"ix":11}},"ef":[],"shapes":[{"ty":"gr","bm":0,"hd":false,"mn":"ADBE Vector Group","nm":"Rectangle 1","ix":1,"cix":2,"np":3,"it":[{"ty":"sh","bm":0,"hd":false,"mn":"ADBE Vector Shape - Group","nm":"Path 1","ix":1,"d":1,"ks":{"a":0,"k":{"c":true,"i":[[0,-13.945],[0,0],[10.25,-0.25],[2.5,13.25],[0,0],[-13.945,0]],"o":[[0,0],[-1.75,12.75],[-8.751,0.213],[0,0],[0,-13.945],[13.945,0]],"v":[[25.25,-22.25],[18,23.75],[0,47.5],[-17.75,22.5],[-25.25,-22.25],[0,-47.5]]},"ix":2}},{"ty":"gf","bm":0,"hd":false,"mn":"ADBE Vector Graphic - G-Fill","nm":"Gradient Fill 1","e":{"a":0,"k":[-1.716,53.741],"ix":6},"g":{"p":3,"k":{"a":0,"k":[0,0.043137254901960784,0.30980392156862746,0.4235294117647059,0.5,0.9019607843137255,0.5058823529411764,1,1,0.7098039215686275,0.8392156862745098,0.9568627450980393],"ix":9}},"t":1,"a":{"a":0,"k":0},"h":{"a":0,"k":0},"s":{"a":0,"k":[1.631,-73.168],"ix":5},"r":1,"o":{"a":0,"k":100,"ix":10}},{"ty":"tr","a":{"a":0,"k":[0,0],"ix":1},"s":{"a":0,"k":[100,100],"ix":3},"sk":{"a":0,"k":0,"ix":4},"p":{"a":0,"k":[196.25,101],"ix":2},"r":{"a":0,"k":0,"ix":6},"sa":{"a":0,"k":0,"ix":5},"o":{"a":0,"k":100,"ix":7}}]}],"ind":11,"parent":17},{"ty":4,"nm":"l hand","sr":1,"st":0,"op":180,"ip":0,"hd":false,"ddd":0,"bm":0,"hasMask":false,"ao":0,"ks":{"a":{"a":0,"k":[197.784,53.645,0],"ix":1},"s":{"a":0,"k":[100,100,100],"ix":6},"sk":{"a":0,"k":0},"p":{"a":0,"k":[69.75,63.001,0],"ix":2},"r":{"a":1,"k":[{"o":{"x":0.333,"y":0},"i":{"x":0.667,"y":1},"s":[-46],"t":0},{"o":{"x":0.333,"y":0},"i":{"x":0.667,"y":1},"s":[-118],"t":15},{"o":{"x":0.65,"y":0},"i":{"x":0.812,"y":1},"s":[-118],"t":20},{"s":[-46],"t":28}],"ix":10},"sa":{"a":0,"k":0},"o":{"a":0,"k":100,"ix":11}},"ef":[],"shapes":[{"ty":"gr","bm":0,"hd":false,"mn":"ADBE Vector Group","nm":"Rectangle 1","ix":1,"cix":2,"np":3,"it":[{"ty":"sh","bm":0,"hd":false,"mn":"ADBE Vector Shape - Group","nm":"Path 1","ix":1,"d":1,"ks":{"a":0,"k":{"c":true,"i":[[0,-13.945],[0,0],[10.25,-0.25],[2.5,13.25],[0,0],[-13.945,0]],"o":[[0,0],[-1.75,12.75],[-8.751,0.213],[0,0],[0,-13.945],[13.945,0]],"v":[[25.25,-22.25],[18,23.75],[0,47.5],[-17.75,22.5],[-25.25,-22.25],[0,-47.5]]},"ix":2}},{"ty":"gf","bm":0,"hd":false,"mn":"ADBE Vector Graphic - G-Fill","nm":"Gradient Fill 1","e":{"a":0,"k":[-1.716,53.741],"ix":6},"g":{"p":3,"k":{"a":0,"k":[0,0.043137254901960784,0.30980392156862746,0.4235294117647059,0.5,0.9019607843137255,0.5058823529411764,1,1,0.7098039215686275,0.8392156862745098,0.9568627450980393],"ix":9}},"t":1,"a":{"a":0,"k":0},"h":{"a":0,"k":0},"s":{"a":0,"k":[1.631,-73.168],"ix":5},"r":1,"o":{"a":0,"k":100,"ix":10}},{"ty":"tr","a":{"a":0,"k":[0,0],"ix":1},"s":{"a":0,"k":[100,100],"ix":3},"sk":{"a":0,"k":0,"ix":4},"p":{"a":0,"k":[196.25,101],"ix":2},"r":{"a":0,"k":0,"ix":6},"sa":{"a":0,"k":0,"ix":5},"o":{"a":0,"k":100,"ix":7}}]}],"ind":12,"parent":17},{"ty":4,"nm":"mic","sr":1,"st":0,"op":180,"ip":0,"hd":false,"ddd":0,"bm":0,"hasMask":false,"ao":0,"ks":{"a":{"a":0,"k":[85.253,-23.54,0],"ix":1},"s":{"a":0,"k":[100,100,100],"ix":6},"sk":{"a":0,"k":0},"p":{"a":0,"k":[83.253,-27.54,0],"ix":2},"r":{"a":0,"k":0,"ix":10},"sa":{"a":0,"k":0},"o":{"a":0,"k":100,"ix":11}},"ef":[],"shapes":[{"ty":"gr","bm":0,"hd":false,"mn":"ADBE Vector Group","nm":"Shape 2","ix":1,"cix":2,"np":3,"it":[{"ty":"sh","bm":0,"hd":false,"mn":"ADBE Vector Shape - Group","nm":"Path 1","ix":1,"d":1,"ks":{"a":1,"k":[{"o":{"x":0.333,"y":0},"i":{"x":0.667,"y":1},"s":[{"c":false,"i":[[0,0],[0,0]],"o":[[0,0],[0,0]],"v":[[54.625,4.5],[36.625,4.5]]}],"t":0},{"o":{"x":0.333,"y":0},"i":{"x":0.667,"y":1},"s":[{"c":false,"i":[[0,0],[0,0]],"o":[[0,0],[0,0]],"v":[[54.5,-16.5],[36.5,-16.5]]}],"t":15},{"o":{"x":0.333,"y":0},"i":{"x":0.667,"y":1},"s":[{"c":false,"i":[[0,0],[0,0]],"o":[[0,0],[0,0]],"v":[[54.5,-16.5],[36.5,-16.5]]}],"t":20},{"s":[{"c":false,"i":[[0,0],[0,0]],"o":[[0,0],[0,0]],"v":[[54.625,4.5],[36.625,4.5]]}],"t":28}],"ix":2}},{"ty":"st","bm":0,"hd":false,"mn":"ADBE Vector Graphic - Stroke","nm":"Stroke 1","lc":2,"lj":1,"ml":4,"o":{"a":0,"k":100,"ix":4},"w":{"a":0,"k":20,"ix":5},"c":{"a":0,"k":[1,1,1],"ix":3}},{"ty":"tr","a":{"a":0,"k":[0,0],"ix":1},"s":{"a":0,"k":[100,100],"ix":3},"sk":{"a":0,"k":0,"ix":4},"p":{"a":0,"k":[0,0],"ix":2},"r":{"a":0,"k":0,"ix":6},"sa":{"a":0,"k":0,"ix":5},"o":{"a":0,"k":100,"ix":7}}]},{"ty":"gr","bm":0,"hd":false,"mn":"ADBE Vector Group","nm":"Shape 1","ix":2,"cix":2,"np":3,"it":[{"ty":"sh","bm":0,"hd":false,"mn":"ADBE Vector Shape - Group","nm":"Path 1","ix":1,"d":1,"ks":{"a":1,"k":[{"o":{"x":0.333,"y":0},"i":{"x":0.667,"y":1},"s":[{"c":false,"i":[[0,0],[20.179,-15.211],[0,0]],"o":[[0,0],[-32.5,24.5],[0,0]],"v":[[131.5,-52],[115.25,-15.5],[36,4]]}],"t":0},{"o":{"x":0.333,"y":0},"i":{"x":0.667,"y":1},"s":[{"c":false,"i":[[0,0],[22.262,-11.957],[0,0]],"o":[[0,0],[-35.375,19],[0,0]],"v":[[131.5,-52],[115.375,-31],[35.875,-17]]}],"t":15},{"o":{"x":0.333,"y":0},"i":{"x":0.667,"y":1},"s":[{"c":false,"i":[[0,0],[22.262,-11.957],[0,0]],"o":[[0,0],[-35.375,19],[0,0]],"v":[[131.5,-52],[115.375,-31],[35.875,-17]]}],"t":20},{"s":[{"c":false,"i":[[0,0],[20.179,-15.211],[0,0]],"o":[[0,0],[-32.5,24.5],[0,0]],"v":[[131.5,-52],[115.25,-15.5],[36,4]]}],"t":28}],"ix":2}},{"ty":"st","bm":0,"hd":false,"mn":"ADBE Vector Graphic - Stroke","nm":"Stroke 1","lc":2,"lj":1,"ml":4,"o":{"a":0,"k":100,"ix":4},"w":{"a":0,"k":8,"ix":5},"c":{"a":0,"k":[1,1,1],"ix":3}},{"ty":"tr","a":{"a":0,"k":[0,0],"ix":1},"s":{"a":0,"k":[100,100],"ix":3},"sk":{"a":0,"k":0,"ix":4},"p":{"a":0,"k":[0,0],"ix":2},"r":{"a":0,"k":0,"ix":6},"sa":{"a":0,"k":0,"ix":5},"o":{"a":0,"k":100,"ix":7}}]}],"ind":13,"parent":15},{"ty":4,"nm":"face","sr":1,"st":0,"op":180,"ip":0,"hd":false,"ddd":0,"bm":0,"hasMask":false,"ao":0,"ks":{"a":{"a":0,"k":[-2.508,-68.25,0],"ix":1},"s":{"a":0,"k":[69,69,100],"ix":6},"sk":{"a":0,"k":0},"p":{"a":1,"k":[{"o":{"x":0.333,"y":0},"i":{"x":0.667,"y":1},"s":[-2.508,-56.75,0],"t":0,"ti":[0,3.333,0],"to":[0,-3.333,0]},{"o":{"x":0.333,"y":0},"i":{"x":0.667,"y":1},"s":[-2.508,-76.75,0],"t":15,"ti":[0,-3.333,0],"to":[0,0,0]},{"o":{"x":0.333,"y":0},"i":{"x":0.667,"y":1},"s":[-2.508,-76.75,0],"t":20,"ti":[0,-3.333,0],"to":[0,3.333,0]},{"o":{"x":0.167,"y":0},"i":{"x":0.667,"y":1},"s":[-2.508,-56.75,0],"t":28,"ti":[0,0,0],"to":[0,3.333,0]},{"o":{"x":0.167,"y":0},"i":{"x":0.667,"y":1},"s":[-2.508,-56.75,0],"t":30,"ti":[0,0,0],"to":[0,0,0]},{"o":{"x":0.167,"y":0.167},"i":{"x":0.667,"y":0.667},"s":[-28.508,-68.75,0],"t":45,"ti":[0,0,0],"to":[0,0,0]},{"o":{"x":0.167,"y":0},"i":{"x":0.667,"y":1},"s":[-28.508,-68.75,0],"t":49,"ti":[0,0,0],"to":[0,0,0]},{"o":{"x":0.167,"y":0.167},"i":{"x":0.667,"y":0.667},"s":[8.992,-45.25,0],"t":64,"ti":[0,0,0],"to":[0,0,0]},{"o":{"x":0.167,"y":0},"i":{"x":0.667,"y":1},"s":[8.992,-45.25,0],"t":67,"ti":[0,0,0],"to":[0,0,0]},{"s":[-2.508,-56.75,0],"t":75}],"ix":2},"r":{"a":0,"k":0,"ix":10},"sa":{"a":0,"k":0},"o":{"a":0,"k":100,"ix":11}},"ef":[],"shapes":[{"ty":"gr","bm":0,"hd":false,"mn":"ADBE Vector Group","nm":"Shape 1","ix":1,"cix":2,"np":3,"it":[{"ty":"sh","bm":0,"hd":false,"mn":"ADBE Vector Shape - Group","nm":"Path 1","ix":1,"d":1,"ks":{"a":0,"k":{"c":true,"i":[[0,0],[-34.42,1.268],[0,0]],"o":[[0,0],[28.082,-1.035],[0,0]],"v":[[-34.743,-41.62],[0.764,-9.373],[31.199,-40.533]]},"ix":2}},{"ty":"fl","bm":0,"hd":false,"mn":"ADBE Vector Graphic - Fill","nm":"Fill 1","c":{"a":0,"k":[1,1,1],"ix":4},"r":1,"o":{"a":0,"k":100,"ix":5}},{"ty":"tr","a":{"a":0,"k":[0,0],"ix":1},"s":{"a":0,"k":[100,100],"ix":3},"sk":{"a":0,"k":0,"ix":4},"p":{"a":0,"k":[0,0],"ix":2},"r":{"a":0,"k":0,"ix":6},"sa":{"a":0,"k":0,"ix":5},"o":{"a":0,"k":100,"ix":7}}]},{"ty":"gr","bm":0,"hd":false,"mn":"ADBE Vector Group","nm":"Ellipse 3","ix":2,"cix":2,"np":3,"it":[{"ty":"sh","bm":0,"hd":false,"mn":"ADBE Vector Shape - Group","nm":"Path 1","ix":1,"d":1,"ks":{"a":1,"k":[{"o":{"x":0.333,"y":0},"i":{"x":0.667,"y":1},"s":[{"c":true,"i":[[-11.106,0],[0,-20.31],[11.106,0],[0,20.31]],"o":[[11.106,0],[0,20.31],[-11.106,0],[0,-20.31]],"v":[[0,-36.775],[20.109,0],[0,36.775],[-20.109,0]]}],"t":0},{"o":{"x":0.333,"y":0},"i":{"x":0.667,"y":1},"s":[{"c":true,"i":[[-11.106,0],[0,-20.31],[11.106,0],[0,20.31]],"o":[[11.106,0],[0,20.31],[-11.106,0],[0,-20.31]],"v":[[0,-36.775],[20.109,0],[0.323,9.964],[-20.109,0]]}],"t":15},{"o":{"x":0.333,"y":0},"i":{"x":0.667,"y":1},"s":[{"c":true,"i":[[-11.106,0],[0,-20.31],[11.106,0],[0,20.31]],"o":[[11.106,0],[0,20.31],[-11.106,0],[0,-20.31]],"v":[[0,-36.775],[20.109,0],[0.323,9.964],[-20.109,0]]}],"t":20},{"s":[{"c":true,"i":[[-11.106,0],[0,-20.31],[11.106,0],[0,20.31]],"o":[[11.106,0],[0,20.31],[-11.106,0],[0,-20.31]],"v":[[0,-36.775],[20.109,0],[0,36.775],[-20.109,0]]}],"t":28}],"ix":2}},{"ty":"fl","bm":0,"hd":false,"mn":"ADBE Vector Graphic - Fill","nm":"Fill 1","c":{"a":0,"k":[1,1,1],"ix":4},"r":1,"o":{"a":0,"k":100,"ix":5}},{"ty":"tr","a":{"a":0,"k":[0,0],"ix":1},"s":{"a":1,"k":[{"o":{"x":0.333,"y":0},"i":{"x":0.667,"y":1},"s":[100,100],"t":42},{"o":{"x":0.333,"y":0},"i":{"x":0.667,"y":1},"s":[100,0],"t":46},{"o":{"x":0.296,"y":0},"i":{"x":0.667,"y":1},"s":[100,100],"t":50},{"o":{"x":0.333,"y":0},"i":{"x":0.667,"y":1},"s":[100,100],"t":60},{"o":{"x":0.333,"y":0},"i":{"x":0.667,"y":1},"s":[100,0],"t":64},{"s":[100,100],"t":68}],"ix":3},"sk":{"a":0,"k":0,"ix":4},"p":{"a":0,"k":[69.061,-72.054],"ix":2},"r":{"a":0,"k":0,"ix":6},"sa":{"a":0,"k":0,"ix":5},"o":{"a":0,"k":100,"ix":7}}]},{"ty":"gr","bm":0,"hd":false,"mn":"ADBE Vector Group","nm":"Ellipse 2","ix":3,"cix":2,"np":3,"it":[{"ty":"sh","bm":0,"hd":false,"mn":"ADBE Vector Shape - Group","nm":"Path 1","ix":1,"d":1,"ks":{"a":1,"k":[{"o":{"x":0.333,"y":0},"i":{"x":0.667,"y":1},"s":[{"c":true,"i":[[-11.106,0],[0,-20.31],[11.106,0],[0,20.31]],"o":[[11.106,0],[0,20.31],[-11.106,0],[0,-20.31]],"v":[[0,-36.775],[20.109,0],[0,36.775],[-20.109,0]]}],"t":0},{"o":{"x":0.333,"y":0},"i":{"x":0.667,"y":1},"s":[{"c":true,"i":[[-11.106,0],[0,-20.31],[11.106,0],[0,20.31]],"o":[[11.106,0],[0,20.31],[-11.106,0],[0,-20.31]],"v":[[0,-36.775],[20.109,0],[0.725,12.138],[-20.109,0]]}],"t":15},{"o":{"x":0.333,"y":0},"i":{"x":0.667,"y":1},"s":[{"c":true,"i":[[-11.106,0],[0,-20.31],[11.106,0],[0,20.31]],"o":[[11.106,0],[0,20.31],[-11.106,0],[0,-20.31]],"v":[[0,-36.775],[20.109,0],[0.725,12.138],[-20.109,0]]}],"t":20},{"s":[{"c":true,"i":[[-11.106,0],[0,-20.31],[11.106,0],[0,20.31]],"o":[[11.106,0],[0,20.31],[-11.106,0],[0,-20.31]],"v":[[0,-36.775],[20.109,0],[0,36.775],[-20.109,0]]}],"t":28}],"ix":2}},{"ty":"fl","bm":0,"hd":false,"mn":"ADBE Vector Graphic - Fill","nm":"Fill 1","c":{"a":0,"k":[1,1,1],"ix":4},"r":1,"o":{"a":0,"k":100,"ix":5}},{"ty":"tr","a":{"a":0,"k":[0,0],"ix":1},"s":{"a":1,"k":[{"o":{"x":0.333,"y":0},"i":{"x":0.667,"y":1},"s":[100,100],"t":42},{"o":{"x":0.333,"y":0},"i":{"x":0.667,"y":1},"s":[100,0],"t":46},{"o":{"x":0.296,"y":0},"i":{"x":0.667,"y":1},"s":[100,100],"t":50},{"o":{"x":0.333,"y":0},"i":{"x":0.667,"y":1},"s":[100,100],"t":60},{"o":{"x":0.333,"y":0},"i":{"x":0.667,"y":1},"s":[100,0],"t":64},{"s":[100,100],"t":68}],"ix":3},"sk":{"a":0,"k":0,"ix":4},"p":{"a":0,"k":[-72.243,-72.054],"ix":2},"r":{"a":0,"k":0,"ix":6},"sa":{"a":0,"k":0,"ix":5},"o":{"a":0,"k":100,"ix":7}}]},{"ty":"gr","bm":0,"hd":false,"mn":"ADBE Vector Group","nm":"Ellipse 1","ix":4,"cix":2,"np":3,"it":[{"ty":"sh","bm":0,"hd":false,"mn":"ADBE Vector Shape - Group","nm":"Path 1","ix":1,"d":1,"ks":{"a":0,"k":{"c":true,"i":[[-71.521,0],[-6.667,-65.383],[71.521,0],[-9.076,85.953]],"o":[[71.521,0],[8.359,81.967],[-71.521,0],[6.902,-65.359]],"v":[[0,-119],[134.674,1.449],[-0.04,71.703],[-131.225,-0.362]]},"ix":2}},{"ty":"fl","bm":0,"hd":false,"mn":"ADBE Vector Graphic - Fill","nm":"Fill 1","c":{"a":0,"k":[0.0784,0.3608,0.6196],"ix":4},"r":1,"o":{"a":0,"k":100,"ix":5}},{"ty":"tr","a":{"a":0,"k":[0,0],"ix":1},"s":{"a":0,"k":[100,100],"ix":3},"sk":{"a":0,"k":0,"ix":4},"p":{"a":0,"k":[-3.5,-60],"ix":2},"r":{"a":0,"k":0,"ix":6},"sa":{"a":0,"k":0,"ix":5},"o":{"a":0,"k":100,"ix":7}}]}],"ind":14,"parent":15},{"ty":4,"nm":"head","sr":1,"st":0,"op":180,"ip":0,"hd":false,"ddd":0,"bm":0,"hasMask":false,"ao":0,"ks":{"a":{"a":0,"k":[-2.508,42.5,0],"ix":1},"s":{"a":0,"k":[100,100,100],"ix":6},"sk":{"a":0,"k":0},"p":{"a":0,"k":[-0.508,49,0],"ix":2},"r":{"a":0,"k":0,"ix":10},"sa":{"a":0,"k":0},"o":{"a":0,"k":100,"ix":11}},"ef":[],"shapes":[{"ty":"gr","bm":0,"hd":false,"mn":"ADBE Vector Group","nm":"Shape 1","ix":1,"cix":2,"np":3,"it":[{"ty":"sh","bm":0,"hd":false,"mn":"ADBE Vector Shape - Group","nm":"Path 1","ix":1,"d":1,"ks":{"a":1,"k":[{"o":{"x":0.333,"y":0},"i":{"x":0.667,"y":1},"s":[{"c":false,"i":[[0,0],[0,0]],"o":[[0,0],[0,0]],"v":[[70.5,-145.625],[103.375,-212]]}],"t":0},{"o":{"x":0.333,"y":0},"i":{"x":0.667,"y":1},"s":[{"c":false,"i":[[0,0],[0,0]],"o":[[0,0],[0,0]],"v":[[70.5,-145.625],[87.875,-177.5]]}],"t":15},{"o":{"x":0.333,"y":0},"i":{"x":0.667,"y":1},"s":[{"c":false,"i":[[0,0],[0,0]],"o":[[0,0],[0,0]],"v":[[70.5,-145.625],[87.875,-177.5]]}],"t":20},{"o":{"x":0.167,"y":0},"i":{"x":0.667,"y":1},"s":[{"c":false,"i":[[0,0],[0,0]],"o":[[0,0],[0,0]],"v":[[70.5,-145.625],[103.375,-212]]}],"t":28},{"s":[{"c":false,"i":[[0,0],[0,0]],"o":[[0,0],[0,0]],"v":[[70.5,-145.625],[103.375,-212]]}],"t":75}],"ix":2}},{"ty":"st","bm":0,"hd":false,"mn":"ADBE Vector Graphic - Stroke","nm":"Stroke 1","lc":2,"lj":1,"ml":4,"o":{"a":0,"k":100,"ix":4},"w":{"a":0,"k":8,"ix":5},"c":{"a":0,"k":[1,1,1],"ix":3}},{"ty":"tr","a":{"a":0,"k":[0,0],"ix":1},"s":{"a":0,"k":[100,100],"ix":3},"sk":{"a":0,"k":0,"ix":4},"p":{"a":0,"k":[0,0],"ix":2},"r":{"a":0,"k":0,"ix":6},"sa":{"a":0,"k":0,"ix":5},"o":{"a":0,"k":100,"ix":7}}]},{"ty":"gr","bm":0,"hd":false,"mn":"ADBE Vector Group","nm":"Ellipse 2","ix":2,"cix":2,"np":3,"it":[{"ty":"el","bm":0,"hd":false,"mn":"ADBE Vector Shape - Ellipse","nm":"Ellipse Path 1","d":1,"p":{"a":0,"k":[0,0],"ix":3},"s":{"a":0,"k":[18.75,13],"ix":2}},{"ty":"st","bm":0,"hd":false,"mn":"ADBE Vector Graphic - Stroke","nm":"Stroke 1","lc":1,"lj":1,"ml":4,"o":{"a":0,"k":100,"ix":4},"w":{"a":0,"k":0.5,"ix":5},"c":{"a":0,"k":[0.1216,0.1529,0.1059],"ix":3}},{"ty":"fl","bm":0,"hd":false,"mn":"ADBE Vector Graphic - Fill","nm":"Fill 1","c":{"a":0,"k":[0.2863,0.6588,1],"ix":4},"r":1,"o":{"a":0,"k":100,"ix":5}},{"ty":"tr","a":{"a":0,"k":[0,0],"ix":1},"s":{"a":0,"k":[100,100],"ix":3},"sk":{"a":0,"k":0,"ix":4},"p":{"a":0,"k":[69.125,-143.313],"ix":2},"r":{"a":0,"k":27,"ix":6},"sa":{"a":0,"k":0,"ix":5},"o":{"a":0,"k":100,"ix":7}}]},{"ty":"gr","bm":0,"hd":false,"mn":"ADBE Vector Group","nm":"Ellipse 1","ix":3,"cix":2,"np":3,"it":[{"ty":"sh","bm":0,"hd":false,"mn":"ADBE Vector Shape - Group","nm":"Path 1","ix":1,"d":1,"ks":{"a":0,"k":{"c":true,"i":[[-71.521,0],[-6.497,-65.4],[71.521,0],[-7.5,75]],"o":[[71.521,0],[7.5,75.5],[-71.521,0],[6.54,-65.396]],"v":[[0,-119],[132.5,0],[0,102.5],[-130.5,0]]},"ix":2}},{"ty":"gf","bm":0,"hd":false,"mn":"ADBE Vector Graphic - G-Fill","nm":"Gradient Fill 1","e":{"a":0,"k":[93,2],"ix":6},"g":{"p":3,"k":{"a":0,"k":[0,0.043137254901960784,0.30980392156862746,0.4235294117647059,0.5,0.9019607843137255,0.5058823529411764,1,1,0.7098039215686275,0.8392156862745098,0.9568627450980393],"ix":9}},"t":1,"a":{"a":0,"k":0},"h":{"a":0,"k":0},"s":{"a":0,"k":[-210,3],"ix":5},"r":1,"o":{"a":0,"k":100,"ix":10}},{"ty":"tr","a":{"a":0,"k":[0,0],"ix":1},"s":{"a":0,"k":[100,100],"ix":3},"sk":{"a":0,"k":0,"ix":4},"p":{"a":0,"k":[-3.5,-60],"ix":2},"r":{"a":0,"k":0,"ix":6},"sa":{"a":0,"k":0,"ix":5},"o":{"a":0,"k":100,"ix":7}}]}],"ind":15,"parent":17},{"ty":4,"nm":"ear","sr":1,"st":0,"op":180,"ip":0,"hd":false,"ddd":0,"bm":0,"hasMask":false,"ao":0,"ks":{"a":{"a":0,"k":[-124.25,-55.25,0],"ix":1},"s":{"a":0,"k":[100,100,100],"ix":6},"sk":{"a":0,"k":0},"p":{"a":1,"k":[{"o":{"x":0.333,"y":0},"i":{"x":0.667,"y":1},"s":[-126.25,-59.25,0],"t":0,"ti":[0,-1.667,0],"to":[0,1.667,0]},{"o":{"x":0.333,"y":0},"i":{"x":0.667,"y":1},"s":[-126.25,-49.25,0],"t":15,"ti":[0,1.667,0],"to":[0,0,0]},{"o":{"x":0.333,"y":0},"i":{"x":0.667,"y":1},"s":[-126.25,-49.25,0],"t":20,"ti":[0,1.667,0],"to":[0,-1.667,0]},{"o":{"x":0.252,"y":0},"i":{"x":0.593,"y":0.354},"s":[-126.25,-59.25,0],"t":28,"ti":[0,0.038,0],"to":[0,-0.042,0]},{"o":{"x":0.251,"y":0.05},"i":{"x":0.689,"y":1},"s":[-126.25,-59.369,0],"t":30,"ti":[0,0,0],"to":[0,-1.465,0]},{"o":{"x":0.167,"y":0.167},"i":{"x":0.689,"y":0.689},"s":[-119.75,-57.75,0],"t":45,"ti":[0,0,0],"to":[0,0,0]},{"o":{"x":0.167,"y":0},"i":{"x":0.689,"y":1},"s":[-119.75,-57.75,0],"t":49,"ti":[0,0,0],"to":[0,0,0]},{"o":{"x":0.167,"y":0.167},"i":{"x":0.689,"y":0.689},"s":[-131.75,-69.25,0],"t":64,"ti":[0,0,0],"to":[0,0,0]},{"o":{"x":0.167,"y":0},"i":{"x":0.667,"y":1},"s":[-131.75,-69.25,0],"t":67,"ti":[0,0,0],"to":[0,0,0]},{"s":[-126.25,-59.25,0],"t":75}],"ix":2},"r":{"a":0,"k":0,"ix":10},"sa":{"a":0,"k":0},"o":{"a":0,"k":100,"ix":11}},"ef":[],"shapes":[{"ty":"gr","bm":0,"hd":false,"mn":"ADBE Vector Group","nm":"Ellipse 2","ix":1,"cix":2,"np":3,"it":[{"ty":"el","bm":0,"hd":false,"mn":"ADBE Vector Shape - Ellipse","nm":"Ellipse Path 1","d":1,"p":{"a":0,"k":[0,0],"ix":3},"s":{"a":0,"k":[50.5,50.5],"ix":2}},{"ty":"fl","bm":0,"hd":false,"mn":"ADBE Vector Graphic - Fill","nm":"Fill 1","c":{"a":0,"k":[0.0784,0.3608,0.6196],"ix":4},"r":1,"o":{"a":0,"k":100,"ix":5}},{"ty":"tr","a":{"a":0,"k":[0,0],"ix":1},"s":{"a":0,"k":[100,100],"ix":3},"sk":{"a":0,"k":0,"ix":4},"p":{"a":0,"k":[127.25,-55.25],"ix":2},"r":{"a":0,"k":0,"ix":6},"sa":{"a":0,"k":0,"ix":5},"o":{"a":0,"k":100,"ix":7}}]},{"ty":"gr","bm":0,"hd":false,"mn":"ADBE Vector Group","nm":"Ellipse 1","ix":2,"cix":2,"np":3,"it":[{"ty":"el","bm":0,"hd":false,"mn":"ADBE Vector Shape - Ellipse","nm":"Ellipse Path 1","d":1,"p":{"a":0,"k":[0,0],"ix":3},"s":{"a":0,"k":[50.5,50.5],"ix":2}},{"ty":"fl","bm":0,"hd":false,"mn":"ADBE Vector Graphic - Fill","nm":"Fill 1","c":{"a":0,"k":[0.0784,0.3608,0.6196],"ix":4},"r":1,"o":{"a":0,"k":100,"ix":5}},{"ty":"tr","a":{"a":0,"k":[0,0],"ix":1},"s":{"a":0,"k":[100,100],"ix":3},"sk":{"a":0,"k":0,"ix":4},"p":{"a":0,"k":[-124.25,-55.25],"ix":2},"r":{"a":0,"k":0,"ix":6},"sa":{"a":0,"k":0,"ix":5},"o":{"a":0,"k":100,"ix":7}}]}],"ind":16,"parent":15},{"ty":4,"nm":"body","sr":1,"st":0,"op":180,"ip":0,"hd":false,"ddd":0,"bm":0,"hasMask":false,"ao":0,"ks":{"a":{"a":0,"k":[-0.5,108.25,0],"ix":1},"s":{"a":0,"k":[100,100,100],"ix":6},"sk":{"a":0,"k":0},"p":{"a":1,"k":[{"o":{"x":0.333,"y":0},"i":{"x":0.667,"y":1},"s":[487.5,509.75,0],"t":0,"ti":[0,10,0],"to":[0,-10,0]},{"o":{"x":0.333,"y":0.333},"i":{"x":0.667,"y":0.667},"s":[487.5,449.75,0],"t":15,"ti":[0,0,0],"to":[0,0,0]},{"o":{"x":0.333,"y":0},"i":{"x":0.667,"y":1},"s":[487.5,449.75,0],"t":17,"ti":[0,-10,0],"to":[0,10,0]},{"o":{"x":0.333,"y":0.333},"i":{"x":0.667,"y":0.667},"s":[487.5,509.75,0],"t":28,"ti":[0,0,0],"to":[0,0,0]},{"o":{"x":0.333,"y":0},"i":{"x":0.667,"y":1},"s":[487.5,509.75,0],"t":30,"ti":[-2.333,0,0],"to":[2.333,0,0]},{"o":{"x":0.333,"y":0.333},"i":{"x":0.667,"y":0.667},"s":[501.5,509.75,0],"t":45,"ti":[0,0,0],"to":[0,0,0]},{"o":{"x":0.333,"y":0},"i":{"x":0.667,"y":1},"s":[501.5,509.75,0],"t":49,"ti":[4.833,0,0],"to":[-4.833,0,0]},{"o":{"x":0.333,"y":0.333},"i":{"x":0.667,"y":0.667},"s":[472.5,509.75,0],"t":64,"ti":[0,0,0],"to":[0,0,0]},{"o":{"x":0.333,"y":0},"i":{"x":0.667,"y":1},"s":[472.5,509.75,0],"t":67,"ti":[-2.5,0,0],"to":[2.5,0,0]},{"s":[487.5,509.75,0],"t":75}],"ix":2},"r":{"a":0,"k":0,"ix":10},"sa":{"a":0,"k":0},"o":{"a":0,"k":100,"ix":11}},"ef":[],"shapes":[{"ty":"gr","bm":0,"hd":false,"mn":"ADBE Vector Group","nm":"Ellipse 1","ix":1,"cix":2,"np":3,"it":[{"ty":"el","bm":0,"hd":false,"mn":"ADBE Vector Shape - Ellipse","nm":"Ellipse Path 1","d":1,"p":{"a":0,"k":[0,0],"ix":3},"s":{"a":0,"k":[19.75,19.75],"ix":2}},{"ty":"fl","bm":0,"hd":false,"mn":"ADBE Vector Graphic - Fill","nm":"Fill 1","c":{"a":0,"k":[1,1,1],"ix":4},"r":1,"o":{"a":0,"k":100,"ix":5}},{"ty":"tr","a":{"a":0,"k":[0,0],"ix":1},"s":{"a":0,"k":[100,100],"ix":3},"sk":{"a":0,"k":0,"ix":4},"p":{"a":1,"k":[{"o":{"x":0.333,"y":0},"i":{"x":0.667,"y":1},"s":[23.625,103.375],"t":0,"ti":[0,2],"to":[0,-2]},{"o":{"x":0.333,"y":0.333},"i":{"x":0.667,"y":0.667},"s":[23.625,91.375],"t":15,"ti":[0,0],"to":[0,0]},{"o":{"x":0.333,"y":0},"i":{"x":0.667,"y":1},"s":[23.625,91.375],"t":19,"ti":[0,-2],"to":[0,2]},{"o":{"x":0.333,"y":0.333},"i":{"x":0.667,"y":0.667},"s":[23.625,103.375],"t":28,"ti":[0,0],"to":[0,0]},{"s":[23.625,103.375],"t":75}],"ix":2},"r":{"a":0,"k":0,"ix":6},"sa":{"a":0,"k":0,"ix":5},"o":{"a":0,"k":100,"ix":7}}]},{"ty":"gr","bm":0,"hd":false,"mn":"ADBE Vector Group","nm":"Rectangle 1","ix":2,"cix":2,"np":2,"it":[{"ty":"sh","bm":0,"hd":false,"mn":"ADBE Vector Shape - Group","nm":"Path 1","ix":1,"d":1,"ks":{"a":0,"k":{"c":true,"i":[[0,-18.225],[0,0],[18.225,0],[0,0],[1.5,14.5],[0,0],[-18.225,0],[0,0]],"o":[[0,0],[-4.25,18.75],[0,0],[-20,-0.5],[0,0],[0,-18.225],[0,0],[18.225,0]],"v":[[54.5,-11],[49.5,18.25],[9,52.625],[-9,52.625],[-49.5,16.75],[-53.75,-13.75],[-9,-47.75],[9,-47.75]]},"ix":2}},{"ty":"gf","bm":0,"hd":false,"mn":"ADBE Vector Graphic - G-Fill","nm":"Gradient Fill 1","e":{"a":0,"k":[72,0],"ix":6},"g":{"p":3,"k":{"a":0,"k":[0,0.043137254901960784,0.30980392156862746,0.4235294117647059,0.5,0.9019607843137255,0.5058823529411764,1,1,0.7098039215686275,0.8392156862745098,0.9568627450980393],"ix":9}},"t":1,"a":{"a":0,"k":0},"h":{"a":0,"k":0},"s":{"a":0,"k":[-96,-4],"ix":5},"r":1,"o":{"a":0,"k":100,"ix":10}},{"ty":"tr","a":{"a":0,"k":[0,0],"ix":1},"s":{"a":0,"k":[100,100],"ix":3},"sk":{"a":0,"k":0,"ix":4},"p":{"a":0,"k":[-0.5,108.25],"ix":2},"r":{"a":0,"k":0,"ix":6},"sa":{"a":0,"k":0,"ix":5},"o":{"a":0,"k":100,"ix":7}}]}],"ind":17},{"ty":4,"nm":"tail","sr":1,"st":0,"op":180,"ip":0,"hd":false,"ddd":0,"bm":0,"hasMask":false,"ao":0,"ks":{"a":{"a":0,"k":[0.625,141.165,0],"ix":1},"s":{"a":1,"k":[{"o":{"x":0.333,"y":0},"i":{"x":0.667,"y":1},"s":[100,100,100],"t":0},{"o":{"x":0.333,"y":0},"i":{"x":0.667,"y":1},"s":[93,177,100],"t":15},{"o":{"x":0.333,"y":0},"i":{"x":0.667,"y":1},"s":[93,177,100],"t":17},{"o":{"x":0.333,"y":0},"i":{"x":0.667,"y":1},"s":[100,100,100],"t":28},{"o":{"x":0.333,"y":0},"i":{"x":0.667,"y":1},"s":[100,100,100],"t":33},{"o":{"x":0.333,"y":0},"i":{"x":0.667,"y":1},"s":[97,128,100],"t":45},{"o":{"x":0.676,"y":0},"i":{"x":0.744,"y":1},"s":[97,128,100],"t":49},{"o":{"x":0.333,"y":0},"i":{"x":0.744,"y":1},"s":[97,128,100],"t":64},{"o":{"x":0.333,"y":0},"i":{"x":0.667,"y":1},"s":[97,128,100],"t":67},{"s":[100,100,100],"t":75}],"ix":6},"sk":{"a":0,"k":0},"p":{"a":1,"k":[{"o":{"x":0.333,"y":0},"i":{"x":0.667,"y":1},"s":[0.625,143.665,0],"t":33,"ti":[-2.833,-0.5,0],"to":[2.833,0.5,0]},{"o":{"x":0.333,"y":0.333},"i":{"x":0.667,"y":0.667},"s":[17.625,146.665,0],"t":45,"ti":[0,0,0],"to":[0,0,0]},{"o":{"x":0.676,"y":0},"i":{"x":0.744,"y":1},"s":[17.625,146.665,0],"t":49,"ti":[6.167,0,0],"to":[-6.167,0,0]},{"o":{"x":0.333,"y":0.333},"i":{"x":0.744,"y":0.744},"s":[-19.375,146.665,0],"t":64,"ti":[0,0,0],"to":[0,0,0]},{"o":{"x":0.333,"y":0},"i":{"x":0.667,"y":1},"s":[-19.375,146.665,0],"t":67,"ti":[-3.333,0.5,0],"to":[3.333,-0.5,0]},{"s":[0.625,143.665,0],"t":75}],"ix":2},"r":{"a":0,"k":0,"ix":10},"sa":{"a":0,"k":0},"o":{"a":0,"k":100,"ix":11}},"ef":[],"shapes":[{"ty":"gr","bm":0,"hd":false,"mn":"ADBE Vector Group","nm":"Ellipse 2","ix":1,"cix":2,"np":3,"it":[{"ty":"el","bm":0,"hd":false,"mn":"ADBE Vector Shape - Ellipse","nm":"Ellipse Path 1","d":1,"p":{"a":0,"k":[0,0],"ix":3},"s":{"a":0,"k":[48.25,48.25],"ix":2}},{"ty":"fl","bm":0,"hd":false,"mn":"ADBE Vector Graphic - Fill","nm":"Fill 1","c":{"a":0,"k":[0.2784,0.1059,0.3137],"ix":4},"r":1,"o":{"a":0,"k":100,"ix":5}},{"ty":"tr","a":{"a":0,"k":[0,0],"ix":1},"s":{"a":0,"k":[76,76],"ix":3},"sk":{"a":0,"k":0,"ix":4},"p":{"a":0,"k":[-0.125,159.5],"ix":2},"r":{"a":0,"k":0,"ix":6},"sa":{"a":0,"k":0,"ix":5},"o":{"a":0,"k":100,"ix":7}}]},{"ty":"gr","bm":0,"hd":false,"mn":"ADBE Vector Group","nm":"Ellipse 1","ix":2,"cix":2,"np":3,"it":[{"ty":"el","bm":0,"hd":false,"mn":"ADBE Vector Shape - Ellipse","nm":"Ellipse Path 1","d":1,"p":{"a":0,"k":[0,0],"ix":3},"s":{"a":0,"k":[48.25,48.25],"ix":2}},{"ty":"gf","bm":0,"hd":false,"mn":"ADBE Vector Graphic - G-Fill","nm":"Gradient Fill 1","e":{"a":0,"k":[-1,29],"ix":6},"g":{"p":3,"k":{"a":0,"k":[0,0.043137254901960784,0.30980392156862746,0.4235294117647059,0.5,0.9019607843137255,0.5058823529411764,1,1,0.7098039215686275,0.8392156862745098,0.9568627450980393],"ix":9}},"t":1,"a":{"a":0,"k":0},"h":{"a":0,"k":0},"s":{"a":0,"k":[-1,-23],"ix":5},"r":1,"o":{"a":0,"k":100,"ix":10}},{"ty":"tr","a":{"a":0,"k":[0,0],"ix":1},"s":{"a":0,"k":[100,100],"ix":3},"sk":{"a":0,"k":0,"ix":4},"p":{"a":0,"k":[0.625,165.875],"ix":2},"r":{"a":0,"k":0,"ix":6},"sa":{"a":0,"k":0,"ix":5},"o":{"a":0,"k":100,"ix":7}}]}],"ind":18,"parent":17}],"v":"5.9.6","fr":30,"op":86,"ip":0,"assets":[]}